<ImportExportXml xmlns:xsi="http://www.w3.org/2001/XMLSchema-instance">
  <Entities></Entities>
  <Roles></Roles>
  <Workflows></Workflows>
  <FieldSecurityProfiles></FieldSecurityProfiles>
  <Templates />
  <EntityMaps />
  <EntityRelationships />
  <OrganizationSettings />
  <optionsets />
  <CustomControls />
  <EntityDataProviders />
  <CanvasApps>
    <CanvasApp>
      <Name>ya_animals_3bc9b</Name>
      <AppVersion>2022-11-16T08:12:08Z</AppVersion>
      <Status>Ready</Status>
      <CreatedByClientVersion>3.22111.19.0</CreatedByClientVersion>
      <MinClientVersion>3.22111.19.0</MinClientVersion>
      <Tags>{"primaryDeviceWidth":"640","primaryDeviceHeight":"1136","supportsPortrait":"true","supportsLandscape":"true","primaryFormFactor":"Phone","publisherVersion":"3.22111.19","minimumRequiredApiVersion":"2.2.0","hasComponent":"false","hasUnlockedComponent":"false","isUnifiedRootApp":"false","sienaVersion":"20221116T081208Z-3.22111.19.0"}</Tags>
      <IsCdsUpgraded>0</IsCdsUpgraded>
      <GalleryItemId xsi:nil="true"></GalleryItemId>
      <BackgroundColor>RGBA(0,176,240,1)</BackgroundColor>
      <DisplayName>Animals</DisplayName>
      <Description xsi:nil="true"></Description>
      <CommitMessage xsi:nil="true"></CommitMessage>
      <Publisher xsi:nil="true"></Publisher>
      <AuthorizationReferences>[]</AuthorizationReferences>
      <ConnectionReferences>{}</ConnectionReferences>
      <DatabaseReferences>{"default.cds":{"databaseDetails":{"referenceType":"NotSpecified","environmentName":"default.cds","overrideValues":{"status":"NotSpecified"}},"dataSources":{"43b0dc67-68af-47ae-9a9c-9e69d396ba3e":{"entitySetName":"msdyn_aimodels","logicalName":"msdyn_aimodel"}},"components":[{"componentName":"msdyn_AIModel","identifier":"637a7159-8365-ed11-9561-002248e99bd4","identifierType":"UniqueId"}]}}</DatabaseReferences>
      <AppComponents>[]</AppComponents>
      <AppComponentDependencies>[]</AppComponentDependencies>
      <CanConsumeAppPass>1</CanConsumeAppPass>
      <CanvasAppType>0</CanvasAppType>
      <BypassConsent>0</BypassConsent>
      <AdminControlBypassConsent>0</AdminControlBypassConsent>
      <EmbeddedApp xsi:nil="true"></EmbeddedApp>
      <IntroducedVersion>1.0</IntroducedVersion>
      <CdsDependencies>{"cdsdependencies":[{"logicalname":"msdyn_aimodel","componenttype":1},{"dependencyid":"637a7159-8365-ed11-9561-002248e99bd4","logicalname":"","componenttype":401,"componenttypeplatformname":"msdyn_AIModel"}]}</CdsDependencies>
      <IsCustomizable>1</IsCustomizable>
      <BackgroundImageUri>/CanvasApps/ya_animals_3bc9b_BackgroundImageUri</BackgroundImageUri>
      <DocumentUri>/CanvasApps/ya_animals_3bc9b_DocumentUri.msapp</DocumentUri>
    </CanvasApp>
  </CanvasApps>
  <AIModels>
    <AIModel>
      <msdyn_aimodelid>{637a7159-8365-ed11-9561-002248e99bd4}</msdyn_aimodelid>
      <msdyn_name>Animals</msdyn_name>
      <msdyn_templateid>{bd519240-4989-45e3-ae17-115c3fd487c6}</msdyn_templateid>
      <statecode>1</statecode>
      <statuscode>1</statuscode>
      <IsCustomizable>1</IsCustomizable>
      <msdyn_activerunconfigurationid>{667a7159-8365-ed11-9561-002248e99bd4}</msdyn_activerunconfigurationid>
      <AIConfigurations>
        <AIConfiguration>
          <msdyn_aiconfigurationid>{667a7159-8365-ed11-9561-002248e99bd4}</msdyn_aiconfigurationid>
          <msdyn_customconfiguration>[{"name":"ModelInfo","displayName":"Model information","description":"Model information like inputs, outputs and labels","defaultValue":"{\"labels\":[\"Defect\",\"Normal\"],\"inputs\":{\"Image\":{\"dtype\":\"float32\",\"shape\":[null,224,224,3],\"name\":\"Image:0\"}},\"outputs\":{\"Confidences\":{\"dtype\":\"float32\",\"shape\":[null,2],\"name\":\"sequential/dense_2/Softmax:0\"}}}","type":"EDM.String","policy":{}},{"name":"ModelDetails","displayName":"Model details","description":"Model details like project id, image count, settings","defaultValue":"{\"projectId\":\"abd4fa07-d6fa-4ef0-8d7b-b1d22dd2f7cc\",\"projectSettings\":\"Speed template\",\"optimizedTraining\":true,\"images\":153,\"labelCount\":2,\"labels\":[\"Defect\",\"Normal\"]}","type":"EDM.String","policy":{}},{"name":"ModelPerformance","displayName":"Model performance","description":"Model performance like accuracy, per label accuracy","defaultValue":"{\"overall\":{\"total\":153,\"accuracy\":0.2679738562091503,\"testTotal\":30,\"testAccuracy\":0.36666666666666664},\"labels\":[{\"accuracy\":{\"correct\":1,\"incorrect\":0,\"untested\":0},\"label\":\"Defect\",\"labelType\":\"STRING\",\"total\":7},{\"accuracy\":{\"correct\":0.2328767123287671,\"incorrect\":0.7671232876712328,\"untested\":0},\"label\":\"Normal\",\"labelType\":\"STRING\",\"total\":146}]}","type":"EDM.String","policy":{}},{"name":"customPipelineYaml","displayName":"Custom Pipeline Image Classification RealTime Predict Yaml","description":"Defines the yaml definition to be used for Image Classification real time predict pipeline","defaultValue":"Image-Classification-RealTimePredict-Pipeline.yaml","type":"Edm.String"},{"name":"isCustomPipelinesEnabled","displayName":"Use Custom Pipelines","description":"Use Custom Pipelines","defaultValue":"True","type":"Edm.Boolean"}]</msdyn_customconfiguration>
          <msdyn_majoriterationnumber>1</msdyn_majoriterationnumber>
          <msdyn_minoriterationnumber>0</msdyn_minoriterationnumber>
          <msdyn_name>Animals Run Config</msdyn_name>
          <msdyn_modelrundataspecification>
        {
          "schemaVersion": 2,
          "input": {
            "attributes": [
              {
                "specificationName": "base64Encoded",
                "displayName": "Image",
                "dataType": "Image",
                "requiredLevel": "ApplicationRequired"
              }
            ]
          },
          "output": {
            "attributes": [
              {
                "specificationName": "Prediction",
                "dataType": "String"
              }
            ],
            "EmbeddedObjects": [
              {
                "specificationName": "Labels",
                "IsCollection": true,
                "Attributes": [
                  {
                    "specificationName": "Label",
                    "dataType": "String"
                  },
                  {
                    "specificationName": "Confidence",
                    "dataType": "Double"
                  }
                ]
              }
            ]
          }
        }
      </msdyn_modelrundataspecification>
          <msdyn_type>190690001</msdyn_type>
          <msdyn_aimodelid>{637a7159-8365-ed11-9561-002248e99bd4}</msdyn_aimodelid>
          <msdyn_trainedmodelaiconfigurationpareid>{657a7159-8365-ed11-9561-002248e99bd4}</msdyn_trainedmodelaiconfigurationpareid>
          <statecode>2</statecode>
          <statuscode>8</statuscode>
          <IsCustomizable>1</IsCustomizable>
          <msdyn_templateversion>1</msdyn_templateversion>
          <msdyn_runconfiguration>
        [
          {
            "name": "customPipelineYaml",
            "displayName": "Custom Pipeline Image Classification RealTime Predict Yaml",
            "description": "Defines the yaml definition to be used for Image Classification real time predict pipeline",
            "defaultValue": "Image-Classification-RealTimePredict-Pipeline.yaml",
            "type": "Edm.String"
          },
          {
            "name": "isCustomPipelinesEnabled",
            "displayName": "Use Custom Pipelines",
            "description": "Use Custom Pipelines",
            "defaultValue": "True",
            "type": "Edm.Boolean"
          }
        ]
      </msdyn_runconfiguration>
          <msdyn_resourceinfo>
        {
          "ResourceType": "PythonVirtualEnvironment",
          "PythonVirtualEnvironmentInfo":
          {
            "FeaturizerModuleName": "",
            "PredictionModuleName": "powerai.models.ic.generic.predictor",
            "PackageName": "powerai-env",
            "PackageVersion": "0.0.1",
            "TrainerModuleName": ""
          },
          "ModelStorageType": "Value"
        }
      </msdyn_resourceinfo>
        </AIConfiguration>
        <AIConfiguration>
          <msdyn_aiconfigurationid>{657a7159-8365-ed11-9561-002248e99bd4}</msdyn_aiconfigurationid>
          <msdyn_majoriterationnumber>1</msdyn_majoriterationnumber>
          <msdyn_minoriterationnumber>0</msdyn_minoriterationnumber>
          <msdyn_modeldata></msdyn_modeldata>
          <msdyn_name>Animals Train Config</msdyn_name>
          <msdyn_modelrundataspecification>
        {
        "schemaVersion": 2,
        "input": {},
        "output": {}
        }
      </msdyn_modelrundataspecification>
          <msdyn_type>190690000</msdyn_type>
          <msdyn_aimodelid>{637a7159-8365-ed11-9561-002248e99bd4}</msdyn_aimodelid>
          <statecode>2</statecode>
          <statuscode>6</statuscode>
          <IsCustomizable>1</IsCustomizable>
          <msdyn_templateversion>1</msdyn_templateversion>
          <msdyn_runconfiguration>
        [
          {
            "name": "customPipelineYaml",
            "displayName": "Custom Pipeline Image Classification RealTime Predict Yaml",
            "description": "Defines the yaml definition to be used for Image Classification real time predict pipeline",
            "defaultValue": "Image-Classification-RealTimePredict-Pipeline.yaml",
            "type": "Edm.String"
          },
          {
            "name": "isCustomPipelinesEnabled",
            "displayName": "Use Custom Pipelines",
            "description": "Use Custom Pipelines",
            "defaultValue": "True",
            "type": "Edm.Boolean"
          }
        ]
      </msdyn_runconfiguration>
          <msdyn_resourceinfo>
        {
          "ResourceType": "PythonVirtualEnvironment",
          "PythonVirtualEnvironmentInfo":
          {
            "FeaturizerModuleName": "",
            "PredictionModuleName": "powerai.models.ic.generic.predictor",
            "PackageName": "powerai-env",
            "PackageVersion": "0.0.1",
            "TrainerModuleName": ""
          },
          "ModelStorageType": "Value"
        }
      </msdyn_resourceinfo>
        </AIConfiguration>
      </AIConfigurations>
    </AIModel>
  </AIModels>
  <Languages>
    <Language>1041</Language>
  </Languages>
</ImportExportXml>